{
  "src/user/bin/udprecv.c": 1776479531.1281762,
  "src/user/bin/top.c": 1776479531.1280324,
  "src/user/bin/ls.c": 1776479531.1266687,
  "src/user/bin/ps.c": 1776479531.1271665,
  "src/user/bin/pong.c": 1776479531.1270838,
  "src/user/bin/rm.c": 1776479531.1272416,
  "src/user/bin/notepad.c": 1776479531.1267993,
  "src/user/bin/taskmgr.c": 1776479531.127781,
  "src/user/bin/cat.c": 1776479531.125881,
  "src/user/bin/ping.c": 1776479531.1269443,
  "src/user/bin/wget.c": 1776479531.1284597,
  "src/user/bin/paint.c": 1776479531.126872,
  "src/user/bin/clock.c": 1776479531.125953,
  "src/user/bin/ping2.c": 1776479531.1270094,
  "src/user/bin/shell.c": 1776479531.1274319,
  "src/user/bin/mkdir.c": 1776479531.126731,
  "src/user/bin/free.c": 1776479531.126153,
  "src/user/bin/host.c": 1776479531.126225,
  "src/user/bin/segfault.c": 1776479531.1273172,
  "src/user/bin/kill.c": 1776479531.1262941,
  "src/user/bin/explorer.c": 1776479531.1260905,
  "src/user/bin/udpsend.c": 1776479531.1282954,
  "src/user/bin/tcptest.c": 1776479531.1278517,
  "src/user/bin/status.c": 1776479531.1276734,
  "src/user/bin/viewer.c": 1776479531.1283817,
  "src/user/bin/touch.c": 1776479531.1281009,
  "src/user/bin/tictactoe.c": 1776479531.1279652,
  "src/user/bin/echo.c": 1776479531.126024,
  "src/user/include/stdlib.h": 1776479531.1288946,
  "src/user/include/net.h": 1776479531.1286387,
  "src/user/include/unistd.h": 1776479531.129086,
  "src/user/include/stdio.h": 1776479531.1288326,
  "src/user/include/stdarg.h": 1776479531.1287677,
  "src/user/include/dns.h": 1776479531.1285777,
  "src/user/include/syscall.h": 1776479531.1290264,
  "src/user/include/simpleui.h": 1776479531.1287062,
  "src/user/include/string.h": 1776479531.128959,
  "src/user/lib/stdio.c": 1776479531.1293886,
  "src/user/lib/string.c": 1776479531.129509,
  "src/user/lib/simpleui.c": 1776479531.1293252,
  "src/user/lib/syscall.c": 1776479531.1295788,
  "src/user/lib/stdlib.c": 1776479531.1294498,
  "src/user/lib/net.c": 1776479531.1292014,
  "src/user/lib/unistd.c": 1776479531.1296456,
  "src/kernel/init/main.c": 1776479531.1241899,
  "src/kernel/net/arp.c": 1776479531.1251764,
  "src/kernel/net/udp.c": 1776479531.1255999,
  "src/kernel/net/tcp.c": 1776479531.1254795,
  "src/kernel/net/icmp.c": 1776479531.1252556,
  "src/kernel/drivers/pci/pci.c": 1776479531.1209466,
  "src/kernel/drivers/video/gfx.c": 1776479531.1212146,
  "src/kernel/drivers/video/tty.c": 1776479531.121282,
  "src/kernel/drivers/net/rtl8139.c": 1776479531.1208274,
  "src/kernel/drivers/input/mouse.c": 1776479531.1205559,
  "src/kernel/drivers/input/keyboard.c": 1776479531.1204793,
  "src/kernel/drivers/rtc/rtc.c": 1776479531.1210692,
  "src/kernel/drivers/block/ata.c": 1776479531.1202948,
  "src/kernel/drivers/block/mbr.c": 1776479531.1203678,
  "src/kernel/include/tcp.h": 1776479531.1236947,
  "src/kernel/include/utils.h": 1776479531.1239767,
  "src/kernel/include/task.h": 1776479531.1236365,
  "src/kernel/include/ata.h": 1776479531.1218266,
  "src/kernel/include/rtl8139.h": 1776479531.1233861,
  "src/kernel/include/icmp.h": 1776479531.122434,
  "src/kernel/include/tty.h": 1776479531.1238322,
  "src/kernel/include/idt.h": 1776479531.1224978,
  "src/kernel/include/config.h": 1776479531.1219099,
  "src/kernel/include/simplefs.h": 1776479531.1234565,
  "src/kernel/include/mbr.h": 1776479531.1228647,
  "src/kernel/include/font8x8.h": 1776479531.1221638,
  "src/kernel/include/multiboot.h": 1776479531.12301,
  "src/kernel/include/elf.h": 1776479531.121981,
  "src/kernel/include/ipv4.h": 1776479531.1226397,
  "src/kernel/include/vfs.h": 1776479531.1240466,
  "src/kernel/include/mouse.h": 1776479531.1229413,
  "src/kernel/include/timer.h": 1776479531.1237621,
  "src/kernel/include/gui.h": 1776479531.1223722,
  "src/kernel/include/ethernet.h": 1776479531.1220574,
  "src/kernel/include/pmm.h": 1776479531.1232266,
  "src/kernel/include/gfx.h": 1776479531.1223054,
  "src/kernel/include/keyboard.h": 1776479531.1227107,
  "src/kernel/include/io.h": 1776479531.1225672,
  "src/kernel/include/rtc.h": 1776479531.1232967,
  "src/kernel/include/paging.h": 1776479531.1230803,
  "src/kernel/include/arp.h": 1776479531.121757,
  "src/kernel/include/kheap.h": 1776479531.1227834,
  "src/kernel/include/gdt.h": 1776479531.1222303,
  "src/kernel/include/pci.h": 1776479531.1231594,
  "src/kernel/include/syscall.h": 1776479531.1235256,
  "src/kernel/include/udp.h": 1776479531.1239045,
  "src/kernel/arch/x86/timer.c": 1776479531.1200662,
  "src/kernel/arch/x86/paging.c": 1776479531.1198537,
  "src/kernel/arch/x86/gdt.c": 1776479531.1193686,
  "src/kernel/arch/x86/idt.c": 1776479531.1195128,
  "src/kernel/lib/utils.c": 1776479531.1248095,
  "src/kernel/mm/pmm.c": 1776479531.1250029,
  "src/kernel/mm/kheap.c": 1776479531.124929,
  "src/kernel/fs/simplefs.c": 1776479531.121599,
  "src/kernel/fs/elf.c": 1776479531.121393,
  "src/kernel/fs/vfs.c": 1776479531.121661,
  "src/kernel/kernel/gui.c": 1776479531.1243062,
  "src/kernel/kernel/syscall.c": 1776479531.124534,
  "src/kernel/kernel/task.c": 1776479531.1246328
}